time,temperature_2m_c,rain_mm,snowfall_cm,snow_depth_m,weather_code,visibility_m,wind_speed_10m_km_h,wind_speed_80m_km_h
2023-12-12T00:00,1.8,0.00,0.00,0.06,45,80.00,4.2,10.8
2023-12-12T01:00,1.5,0.00,0.00,0.06,3,100.00,3.6,9.2
2023-12-12T02:00,1.1,0.00,0.00,0.06,3,100.00,2.9,8.4
2023-12-12T03:00,0.9,0.00,0.00,0.06,3,100.00,3.4,8.6
2023-12-12T04:00,0.9,0.00,0.00,0.06,3,120.00,3.6,8.8
2023-12-12T05:00,0.7,0.00,0.00,0.06,45,120.00,3.6,9.0
2023-12-12T06:00,0.6,0.00,0.00,0.06,45,100.00,4.7,10.0
2023-12-12T07:00,0.6,0.00,0.00,0.06,3,100.00,5.4,12.2
2023-12-12T08:00,0.6,0.00,0.00,0.06,45,100.00,3.3,9.0
2023-12-12T09:00,0.7,0.00,0.00,0.06,3,100.00,5.5,11.6
2023-12-12T10:00,1.0,0.00,0.00,0.06,3,80.00,7.4,15.8
2023-12-12T11:00,1.1,0.00,0.00,0.06,3,100.00,8.6,16.3
2023-12-12T12:00,1.1,0.00,0.00,0.05,51,140.00,8.4,16.1
2023-12-12T13:00,1.1,0.00,0.00,0.05,3,140.00,9.0,17.1
2023-12-12T14:00,1.2,0.10,0.00,0.05,51,120.00,7.9,15.8
2023-12-12T15:00,1.2,0.00,0.00,0.05,51,200.00,7.8,17.4
2023-12-12T16:00,1.2,0.00,0.00,0.05,3,120.00,7.7,17.7
2023-12-12T17:00,1.3,0.00,0.00,0.05,3,140.00,6.6,16.2
2023-12-12T18:00,1.4,0.00,0.00,0.05,3,140.00,6.9,16.5
2023-12-12T19:00,1.4,0.00,0.00,0.05,51,80.00,6.6,16.1
2023-12-12T20:00,1.3,0.10,0.00,0.05,51,60.00,5.9,14.1
2023-12-12T21:00,1.2,0.30,0.00,0.05,61,80.00,5.8,13.2
2023-12-12T22:00,1.1,0.20,0.00,0.05,53,80.00,5.2,12.1
2023-12-12T23:00,1.1,0.00,0.00,0.05,3,80.00,5.2,11.7
2023-12-13T00:00,1.0,0.00,0.00,0.05,3,60.00,4.7,10.5
2023-12-13T01:00,1.0,0.00,0.00,0.05,3,40.00,4.2,10.3
2023-12-13T02:00,0.9,0.00,0.00,0.05,3,40.00,4.7,10.9
2023-12-13T03:00,0.8,0.00,0.00,0.05,45,40.00,1.8,6.3
2023-12-13T04:00,0.7,0.00,0.00,0.05,45,20.00,2.7,5.4
2023-12-13T05:00,0.6,0.00,0.00,0.05,3,40.00,4.0,8.4
2023-12-13T06:00,0.4,0.00,0.00,0.05,3,40.00,4.7,10.4
2023-12-13T07:00,0.3,0.00,0.00,0.05,3,40.00,5.1,11.6
2023-12-13T08:00,0.2,0.00,0.00,0.05,3,40.00,5.8,12.6
2023-12-13T09:00,0.5,0.00,0.00,0.05,3,140.00,8.0,15.1
2023-12-13T10:00,0.8,0.00,0.00,0.05,3,540.00,8.2,15.4
2023-12-13T11:00,0.6,0.00,0.00,0.05,3,1720.00,9.8,17.3
2023-12-13T12:00,0.8,0.00,0.00,0.05,3,620.00,9.7,17.3
2023-12-13T13:00,1.0,0.00,0.00,0.05,3,140.00,9.3,16.4
2023-12-13T14:00,0.9,0.00,0.00,0.05,3,100.00,10.0,18.4
2023-12-13T15:00,0.8,0.00,0.00,0.05,3,200.00,10.8,20.6
2023-12-13T16:00,0.6,0.00,0.00,0.05,3,440.00,11.2,21.5
2023-12-13T17:00,0.4,0.10,0.14,0.05,71,2820.00,10.4,21.2
2023-12-13T18:00,0.4,0.00,0.21,0.05,71,260.00,11.2,22.3
2023-12-13T19:00,0.2,0.00,0.21,0.05,71,60.00,11.8,22.5
2023-12-13T20:00,0.3,0.00,0.14,0.05,77,40.00,12.1,23.2
2023-12-13T21:00,0.2,0.10,0.14,0.05,71,20.00,11.9,23.2
2023-12-13T22:00,0.2,0.10,0.14,0.05,77,20.00,11.9,23.0
2023-12-13T23:00,0.2,0.00,0.14,0.05,77,40.00,11.3,22.2
2023-12-14T00:00,0.2,0.00,0.14,0.06,77,40.00,11.2,22.4
2023-12-14T01:00,0.2,0.00,0.21,0.06,77,40.00,11.1,21.7
2023-12-14T02:00,0.2,0.00,0.28,0.06,77,120.00,10.7,21.2
2023-12-14T03:00,0.2,0.00,0.35,0.06,77,180.00,10.8,21.4
2023-12-14T04:00,0.1,0.00,0.35,0.07,77,220.00,11.1,21.4
2023-12-14T05:00,-0.0,0.00,0.21,0.07,77,360.00,11.3,21.7
2023-12-14T06:00,-0.2,0.00,0.14,0.07,77,3340.00,11.8,22.7
2023-12-14T07:00,-0.2,0.00,0.07,0.07,77,5400.00,12.1,23.3
2023-12-14T08:00,-0.3,0.00,0.00,0.07,77,10140.00,12.1,23.0
2023-12-14T09:00,-0.4,0.00,0.00,0.07,77,24140.00,12.8,23.2
2023-12-14T10:00,-0.3,0.00,0.00,0.07,3,24140.00,12.5,22.3
2023-12-14T11:00,-0.3,0.00,0.00,0.07,3,24140.00,12.7,22.1
2023-12-14T12:00,-0.3,0.00,0.00,0.07,3,24140.00,12.7,22.6
2023-12-14T13:00,-0.4,0.00,0.00,0.07,3,24140.00,13.7,24.1
2023-12-14T14:00,-0.6,0.00,0.00,0.07,3,24140.00,13.0,22.7
2023-12-14T15:00,-1.2,0.00,0.00,0.07,3,24140.00,11.9,21.3
2023-12-14T16:00,-2.0,0.00,0.00,0.07,3,24140.00,10.2,20.7
2023-12-14T17:00,-2.5,0.00,0.00,0.07,2,24140.00,9.9,21.5
2023-12-14T18:00,-2.8,0.00,0.00,0.07,2,24140.00,9.8,20.2
2023-12-14T19:00,-3.1,0.00,0.00,0.07,2,19100.00,9.8,21.1
2023-12-14T20:00,-3.2,0.00,0.00,0.07,2,10720.00,9.0,21.8
2023-12-14T21:00,-3.2,0.00,0.00,0.07,2,420.00,7.7,18.7
2023-12-14T22:00,-2.9,0.00,0.00,0.07,3,21740.00,7.4,18.5
2023-12-14T23:00,-2.0,0.00,0.00,0.07,3,2700.00,7.1,18.9
2023-12-15T00:00,-1.3,0.00,0.00,0.07,3,11340.00,6.4,17.3
2023-12-15T01:00,-1.4,0.00,0.00,0.07,3,9680.00,9.4,22.7
2023-12-15T02:00,-1.5,0.00,0.00,0.07,3,14500.00,9.3,22.6
2023-12-15T03:00,-1.6,0.00,0.00,0.07,3,16660.00,9.9,23.2
2023-12-15T04:00,-1.7,0.00,0.00,0.07,3,11260.00,11.2,23.6
2023-12-15T05:00,-1.7,0.00,0.00,0.07,3,19260.00,10.7,24.1
2023-12-15T06:00,-2.0,0.00,0.00,0.07,3,24140.00,11.2,24.9
2023-12-15T07:00,-2.1,0.00,0.00,0.06,3,24140.00,9.7,24.2
2023-12-15T08:00,-1.7,0.00,0.00,0.06,3,24140.00,10.6,23.8
2023-12-15T09:00,-1.2,0.00,0.00,0.06,3,1280.00,11.8,23.3
2023-12-15T10:00,-0.7,0.00,0.00,0.06,3,420.00,13.1,23.7
2023-12-15T11:00,-0.4,0.00,0.00,0.06,3,700.00,15.3,25.7
2023-12-15T12:00,-0.2,0.00,0.00,0.06,3,23340.00,17.4,28.5
2023-12-15T13:00,-0.1,0.00,0.00,0.06,3,1460.00,18.7,30.2
2023-12-15T14:00,-0.0,0.00,0.21,0.06,77,20280.00,18.4,30.6
2023-12-15T15:00,-0.0,0.00,0.21,0.07,77,5480.00,17.0,29.8
2023-12-15T16:00,0.0,0.00,0.21,0.07,77,740.00,16.1,29.5
2023-12-15T17:00,0.1,0.00,0.00,0.07,51,2060.00,16.2,29.8
2023-12-15T18:00,0.3,0.00,0.00,0.07,51,420.00,16.2,30.1
2023-12-15T19:00,0.4,0.00,0.00,0.07,51,80.00,16.5,30.2
2023-12-15T20:00,0.5,0.00,0.00,0.07,3,60.00,15.7,29.5
2023-12-15T21:00,0.6,0.00,0.00,0.07,3,180.00,15.1,28.1
2023-12-15T22:00,0.7,0.00,0.00,0.07,3,160.00,14.4,27.3
2023-12-15T23:00,0.9,0.40,0.00,0.07,53,460.00,14.6,27.6
2023-12-16T00:00,1.1,0.40,0.00,0.06,53,880.00,14.9,28.9
2023-12-16T01:00,1.3,0.40,0.00,0.06,53,24140.00,15.1,29.2
2023-12-16T02:00,1.4,0.00,0.00,0.06,3,24140.00,14.4,28.6
2023-12-16T03:00,1.6,0.00,0.00,0.06,3,24140.00,13.8,27.8
2023-12-16T04:00,1.7,0.00,0.00,0.06,3,21640.00,13.4,27.7
2023-12-16T05:00,1.8,0.00,0.00,0.06,3,5680.00,13.5,28.2
2023-12-16T06:00,1.9,0.00,0.00,0.06,3,5100.00,14.1,28.9
2023-12-16T07:00,2.0,0.00,0.00,0.06,3,620.00,14.0,28.7
2023-12-16T08:00,2.0,0.00,0.00,0.06,3,220.00,13.1,27.2
2023-12-16T09:00,1.9,0.00,0.00,0.05,3,320.00,11.9,25.1
2023-12-16T10:00,2.0,0.00,0.00,0.05,3,580.00,11.2,23.3
2023-12-16T11:00,2.1,0.00,0.00,0.05,3,1200.00,10.8,22.5
2023-12-16T12:00,2.4,0.00,0.00,0.05,3,120.00,10.4,22.4
2023-12-16T13:00,2.5,0.00,0.00,0.05,3,660.00,10.5,22.3
2023-12-16T14:00,2.5,0.00,0.00,0.05,3,24140.00,10.7,22.8
2023-12-16T15:00,2.3,0.00,0.00,0.04,3,24140.00,11.5,23.7
2023-12-16T16:00,2.2,0.00,0.00,0.04,3,420.00,12.4,25.2
2023-12-16T17:00,2.3,0.10,0.00,0.04,53,2160.00,13.6,27.2
2023-12-16T18:00,2.5,0.10,0.00,0.04,53,280.00,15.1,29.7
2023-12-16T19:00,2.7,0.10,0.00,0.04,53,160.00,16.1,31.5
2023-12-16T20:00,2.7,0.20,0.00,0.04,61,160.00,16.6,32.2
2023-12-16T21:00,2.7,0.20,0.00,0.04,61,180.00,16.6,32.4
2023-12-16T22:00,2.8,0.20,0.00,0.04,61,160.00,16.6,32.5
2023-12-16T23:00,3.0,0.30,0.00,0.04,61,140.00,17.1,33.4
2023-12-17T00:00,3.3,0.30,0.00,0.03,61,140.00,17.8,34.4
2023-12-17T01:00,3.5,0.30,0.00,0.03,61,140.00,18.2,35.3
2023-12-17T02:00,3.8,0.00,0.00,0.03,3,220.00,19.7,36.9
2023-12-17T03:00,4.1,0.00,0.00,0.02,3,280.00,20.5,37.9
2023-12-17T04:00,4.5,0.00,0.00,0.02,3,360.00,21.1,39.1
2023-12-17T05:00,4.9,0.00,0.00,0.02,3,3860.00,21.6,40.0
2023-12-17T06:00,5.3,0.00,0.00,0.02,3,7360.00,22.3,41.1
2023-12-17T07:00,5.6,0.00,0.00,0.02,3,10860.00,22.4,41.2
2023-12-17T08:00,5.9,0.00,0.00,0.02,3,12660.00,21.4,39.7
2023-12-17T09:00,6.1,0.00,0.00,0.01,3,14460.00,19.8,37.1
2023-12-17T10:00,6.3,0.00,0.00,0.01,3,16260.00,18.8,35.1
2023-12-17T11:00,6.4,0.00,0.00,0.01,3,18880.00,18.3,33.7
2023-12-17T12:00,6.4,0.00,0.00,0.01,3,21520.00,18.1,33.4
2023-12-17T13:00,6.5,0.00,0.00,0.01,3,24140.00,18.0,33.2
2023-12-17T14:00,6.7,0.00,0.00,0.01,3,24140.00,18.4,33.9
2023-12-17T15:00,6.9,0.00,0.00,0.01,3,24140.00,18.8,35.0
2023-12-17T16:00,7.1,0.00,0.00,0.01,3,24140.00,19.1,36.1
2023-12-17T17:00,7.2,0.00,0.00,0.01,3,24140.00,19.8,37.2
2023-12-17T18:00,7.4,0.00,0.00,0.01,3,24140.00,20.2,38.2
2023-12-17T19:00,7.4,0.00,0.00,0.01,3,24140.00,20.5,38.5
2023-12-17T20:00,7.4,0.00,0.00,0.01,3,24140.00,19.8,37.5
2023-12-17T21:00,7.2,0.00,0.00,0.00,3,24140.00,18.9,35.9
2023-12-17T22:00,7.1,0.00,0.00,0.00,3,24140.00,19.1,36.1
2023-12-17T23:00,6.9,0.00,0.00,0.00,3,24140.00,20.9,39.4
2023-12-18T00:00,6.8,0.00,0.00,0.00,3,24140.00,23.7,44.0
2023-12-18T01:00,6.6,0.00,0.00,0.00,3,24140.00,25.9,47.6
2023-12-18T02:00,6.5,0.10,0.00,0.00,53,24140.00,26.2,48.1
2023-12-18T03:00,6.3,0.10,0.00,0.00,53,24140.00,25.7,47.3
2023-12-18T04:00,6.3,0.10,0.00,0.00,53,24140.00,25.7,46.9
2023-12-18T05:00,6.4,0.10,0.00,0.00,3,24140.00,26.0,47.5
2023-12-18T06:00,6.5,0.10,0.00,0.00,3,24140.00,26.7,48.6
2023-12-18T07:00,6.7,0.10,0.00,0.00,3,24140.00,27.0,49.3
2023-12-18T08:00,6.8,0.00,0.00,0.00,3,24140.00,27.4,50.0
2023-12-18T09:00,6.8,0.00,0.00,0.00,3,24140.00,27.8,50.8
2023-12-18T10:00,6.9,0.00,0.00,0.00,3,24140.00,27.8,50.4
2023-12-18T11:00,6.8,0.00,0.00,0.00,3,24140.00,26.7,49.0
2023-12-18T12:00,6.8,0.00,0.00,0.00,3,24140.00,25.2,46.4
2023-12-18T13:00,6.7,0.00,0.00,0.00,3,24140.00,24.1,44.3
2023-12-18T14:00,6.8,0.20,0.00,0.00,53,24140.00,23.4,42.9
2023-12-18T15:00,6.9,0.20,0.00,0.00,53,24140.00,22.7,41.8
2023-12-18T16:00,7.0,0.20,0.00,0.00,53,24140.00,22.3,41.1
2023-12-18T17:00,7.1,0.00,0.00,0.00,3,24140.00,22.0,40.5
2023-12-18T18:00,7.2,0.00,0.00,0.00,3,24140.00,22.1,40.3
2023-12-18T19:00,7.2,0.00,0.00,0.00,3,24140.00,21.7,39.7
2023-12-18T20:00,7.1,0.00,0.00,0.00,3,24140.00,21.4,38.9
2023-12-18T21:00,7.0,0.00,0.00,0.00,3,24140.00,20.6,38.1
2023-12-18T22:00,6.9,0.00,0.00,0.00,3,24140.00,19.8,36.9
2023-12-18T23:00,6.8,0.20,0.00,0.00,61,24140.00,19.1,35.3
2023-12-19T00:00,6.5,0.20,0.00,0.00,61,24140.00,18.0,33.5
2023-12-19T01:00,6.3,0.20,0.00,0.00,61,24140.00,17.4,32.2
2023-12-19T02:00,6.1,0.00,0.00,0.00,3,24140.00,17.3,31.8
2023-12-19T03:00,5.9,0.00,0.00,0.00,3,24140.00,17.3,32.1
2023-12-19T04:00,5.7,0.00,0.00,0.00,3,24140.00,17.4,32.2
2023-12-19T05:00,5.5,0.00,0.00,0.00,3,24140.00,17.6,32.2
2023-12-19T06:00,5.3,0.00,0.00,0.00,3,24140.00,17.2,31.9
2023-12-19T07:00,5.2,0.00,0.00,0.00,3,24140.00,17.5,31.8
2023-12-19T08:00,5.1,0.00,0.00,0.00,3,24140.00,18.0,32.3
2023-12-19T09:00,5.1,0.00,0.00,0.00,3,24140.00,18.6,33.4
2023-12-19T10:00,5.2,0.00,0.00,0.00,3,24140.00,19.4,34.6
2023-12-19T11:00,5.5,0.00,0.00,0.00,3,24140.00,20.2,35.9
2023-12-19T12:00,6.0,0.00,0.00,0.00,3,24140.00,20.7,37.0
2023-12-19T13:00,6.3,0.00,0.00,0.00,3,24140.00,21.3,37.8
2023-12-19T14:00,1.6,0.00,0.00,0.00,3,24140.00,11.2,20.9
2023-12-19T15:00,0.8,0.00,0.00,0.00,2,24140.00,12.3,23.7
2023-12-19T16:00,0.4,0.00,0.00,0.00,1,24140.00,13.1,26.0
2023-12-19T17:00,0.8,0.15,0.00,0.00,51,16320.00,14.5,27.1
2023-12-19T18:00,1.5,0.15,0.00,0.00,51,8520.00,15.6,28.1
2023-12-19T19:00,2.2,0.15,0.00,0.00,51,700.00,16.7,28.6
2023-12-19T20:00,2.7,0.00,0.00,0.00,3,3400.00,17.6,29.6
2023-12-19T21:00,3.1,0.00,0.00,0.00,3,6100.00,19.2,31.9
2023-12-19T22:00,3.4,0.00,0.00,0.00,3,8800.00,20.4,34.2
2023-12-19T23:00,3.3,0.00,0.00,0.00,3,13920.00,21.3,35.7
2023-12-20T00:00,2.9,0.00,0.00,0.00,3,19020.00,21.4,36.0
2023-12-20T01:00,2.9,0.00,0.00,0.00,3,24140.00,21.9,36.4
2023-12-20T02:00,3.4,0.00,0.00,0.00,3,24140.00,23.4,37.1
2023-12-20T03:00,4.1,0.00,0.00,0.00,3,24140.00,25.9,38.6
2023-12-20T04:00,4.5,0.00,0.00,0.00,3,24140.00,27.4,39.7
2023-12-20T05:00,4.0,0.00,0.00,0.00,3,24140.00,25.3,37.8
2023-12-20T06:00,3.2,0.00,0.00,0.00,3,24140.00,21.6,34.6
2023-12-20T07:00,2.6,0.00,0.00,0.00,3,24140.00,19.3,32.9
2023-12-20T08:00,2.5,0.00,0.00,0.00,3,24140.00,19.4,32.3
2023-12-20T09:00,2.7,0.00,0.00,0.00,3,24140.00,20.3,32.1
2023-12-20T10:00,2.8,0.00,0.00,0.00,3,24140.00,21.5,32.9
2023-12-20T11:00,2.8,0.00,0.00,0.00,3,20840.00,22.4,34.8
2023-12-20T12:00,2.7,0.00,0.00,0.00,3,17560.00,23.2,37.4
2023-12-20T13:00,2.4,0.00,0.00,0.00,3,14260.00,24.3,39.9
2023-12-20T14:00,1.9,0.35,0.17,0.00,71,9520.00,25.9,42.6
2023-12-20T15:00,1.3,0.35,0.17,0.00,71,4780.00,27.5,45.6
2023-12-20T16:00,1.0,0.35,0.17,0.00,71,40.00,29.0,47.9
2023-12-20T17:00,1.2,0.60,0.00,0.00,51,3900.00,30.6,50.0
2023-12-20T18:00,1.7,0.60,0.00,0.00,51,7740.00,33.2,53.3
2023-12-20T19:00,2.1,0.60,0.00,0.00,51,11600.00,35.8,56.6
2023-12-20T20:00,2.1,0.00,0.07,0.00,71,15780.00,36.0,56.9
2023-12-20T21:00,1.9,0.00,0.07,0.00,71,19960.00,35.3,55.1
2023-12-20T22:00,1.8,0.00,0.07,0.00,71,24140.00,34.2,53.7
2023-12-20T23:00,1.8,0.00,0.00,0.00,3,24140.00,33.8,53.3
2023-12-21T00:00,1.8,0.00,0.00,0.00,3,24140.00,33.5,52.9
2023-12-21T01:00,1.7,0.00,0.00,0.00,3,24140.00,32.9,51.9
2023-12-21T02:00,1.3,0.00,0.00,0.00,3,16160.00,31.4,50.5
2023-12-21T03:00,0.8,0.00,0.00,0.00,3,8160.00,29.9,48.9
2023-12-21T04:00,0.5,0.00,0.00,0.00,45,180.00,28.8,47.7
2023-12-21T05:00,0.6,0.06,0.03,0.00,71,140.00,28.6,46.6
2023-12-21T06:00,0.9,0.06,0.03,0.00,71,100.00,28.6,45.7
2023-12-21T07:00,1.2,0.06,0.03,0.00,71,60.00,28.1,44.5
2023-12-21T08:00,1.3,0.17,0.09,0.00,71,40.00,27.3,43.1
2023-12-21T09:00,1.2,0.17,0.09,0.00,71,40.00,26.3,42.1
2023-12-21T10:00,1.4,0.17,0.09,0.00,71,20.00,25.4,41.2
2023-12-21T11:00,1.9,0.70,0.00,0.00,53,60.00,25.3,41.0
2023-12-21T12:00,2.5,0.70,0.00,0.00,53,100.00,25.3,41.9
2023-12-21T13:00,3.2,0.70,0.00,0.00,53,140.00,26.8,44.0
2023-12-21T14:00,3.7,1.30,0.00,0.00,61,2720.00,28.8,46.8
2023-12-21T15:00,4.3,1.30,0.00,0.00,61,5320.00,31.0,50.1
2023-12-21T16:00,4.7,1.30,0.00,0.00,61,7900.00,32.8,52.2
2023-12-21T17:00,5.1,0.60,0.00,0.00,53,9020.00,32.8,52.6
2023-12-21T18:00,5.4,0.60,0.00,0.00,53,10160.00,32.5,51.9
2023-12-21T19:00,5.7,0.60,0.00,0.00,53,11280.00,32.2,52.0
2023-12-21T20:00,5.9,0.40,0.00,0.00,51,12300.00,32.9,52.7
2023-12-21T21:00,6.2,0.40,0.00,0.00,51,13320.00,33.9,54.0
2023-12-21T22:00,6.4,0.40,0.00,0.00,51,14340.00,34.6,55.1
2023-12-21T23:00,6.7,0.30,0.00,0.00,51,17280.00,34.9,56.2
2023-12-22T00:00,6.9,0.30,0.00,0.00,51,20200.00,35.3,56.9
2023-12-22T01:00,7.1,0.30,0.00,0.00,51,23140.00,35.7,57.6
2023-12-22T02:00,7.2,0.30,0.00,0.00,51,23480.00,36.4,58.4
2023-12-22T03:00,7.2,0.30,0.00,0.00,51,23800.00,37.2,59.5
2023-12-22T04:00,7.2,0.30,0.00,0.00,51,24140.00,37.6,59.5
2023-12-22T05:00,7.3,0.40,0.00,0.00,51,21980.00,37.0,58.6
2023-12-22T06:00,7.4,0.40,0.00,0.00,51,19820.00,35.7,57.0
2023-12-22T07:00,7.5,0.40,0.00,0.00,51,17660.00,34.5,55.5
2023-12-22T08:00,7.6,0.80,0.00,0.00,53,14500.00,33.7,54.4
2023-12-22T09:00,7.8,0.80,0.00,0.00,53,11320.00,33.3,53.4
2023-12-22T10:00,8.0,0.80,0.00,0.00,53,8160.00,33.5,53.7
2023-12-22T11:00,8.0,0.80,0.00,0.00,53,13480.00,34.8,56.1
2023-12-22T12:00,8.0,0.80,0.00,0.00,53,18820.00,37.1,59.3
2023-12-22T13:00,7.9,0.80,0.00,0.00,53,24140.00,38.8,61.7
2023-12-22T14:00,7.7,0.00,0.00,0.00,3,24140.00,39.3,62.2
2023-12-22T15:00,7.6,0.00,0.00,0.00,3,24140.00,38.9,61.5
2023-12-22T16:00,7.4,0.00,0.00,0.00,3,24140.00,38.8,61.2
2023-12-22T17:00,7.3,0.15,0.00,0.00,51,24140.00,38.8,61.7
2023-12-22T18:00,7.1,0.15,0.00,0.00,51,24140.00,39.2,62.4
2023-12-22T19:00,7.1,0.15,0.00,0.00,51,24140.00,39.9,63.7
2023-12-22T20:00,7.3,0.00,0.00,0.00,3,24140.00,41.8,66.8
2023-12-22T21:00,7.7,0.00,0.00,0.00,3,24140.00,44.2,70.5
2023-12-22T22:00,7.7,0.00,0.00,0.00,3,24140.00,44.6,70.6
2023-12-22T23:00,7.1,0.60,0.00,0.00,51,24140.00,41.0,64.9
2023-12-23T00:00,6.2,0.60,0.00,0.00,51,24140.00,36.0,56.9
2023-12-23T01:00,5.4,0.60,0.00,0.00,51,24140.00,33.1,52.2
2023-12-23T02:00,5.0,0.10,0.00,0.00,51,23880.00,32.4,51.5
2023-12-23T03:00,4.6,0.10,0.00,0.00,51,23600.00,32.4,52.2
2023-12-23T04:00,4.3,0.10,0.00,0.00,51,23340.00,33.1,53.3
2023-12-23T05:00,3.9,0.05,0.00,0.00,51,23600.00,34.2,54.5
2023-12-23T06:00,3.5,0.05,0.00,0.00,51,23880.00,36.3,56.3
2023-12-23T07:00,3.1,0.05,0.00,0.00,51,24140.00,37.4,57.5
2023-12-23T08:00,2.5,0.00,0.00,0.00,3,18800.00,36.8,57.0
2023-12-23T09:00,1.9,0.00,0.00,0.00,2,13440.00,35.8,56.7
2023-12-23T10:00,1.7,0.00,0.00,0.00,2,8100.00,35.5,57.0
2023-12-23T11:00,2.0,0.00,0.00,0.00,2,13440.00,35.7,56.9
2023-12-23T12:00,2.7,0.00,0.00,0.00,2,18800.00,36.1,56.5
2023-12-23T13:00,3.1,0.00,0.00,0.00,3,24140.00,36.2,56.2
2023-12-23T14:00,2.8,0.00,0.00,0.00,3,24140.00,35.9,56.1
2023-12-23T15:00,2.1,0.00,0.00,0.00,3,24140.00,36.0,56.5
2023-12-23T16:00,1.7,0.00,0.00,0.00,3,24140.00,35.6,56.4
2023-12-23T17:00,1.5,0.00,0.00,0.00,2,24140.00,35.6,55.8
2023-12-23T18:00,1.6,0.00,0.00,0.00,1,24140.00,34.9,55.1
2023-12-23T19:00,1.6,0.00,0.00,0.00,1,24140.00,34.7,54.3
2023-12-23T20:00,1.7,0.00,0.00,0.00,1,24140.00,34.2,53.5
2023-12-23T21:00,1.9,0.00,0.00,0.00,2,24140.00,33.7,52.8
2023-12-23T22:00,1.9,0.00,0.00,0.00,3,24140.00,33.4,52.5
2023-12-23T23:00,1.7,0.02,0.06,0.00,71,23880.00,33.8,53.4
2023-12-24T00:00,1.3,0.02,0.06,0.00,71,23640.00,34.3,54.7
2023-12-24T01:00,1.1,0.02,0.06,0.00,71,23380.00,33.5,53.9
2023-12-24T02:00,1.0,0.02,0.34,0.00,73,20120.00,31.1,50.1
2023-12-24T03:00,1.1,0.02,0.34,0.01,73,16840.00,29.3,46.6
2023-12-24T04:00,1.1,0.02,0.34,0.01,73,13580.00,28.5,44.7
2023-12-24T05:00,1.1,0.00,0.07,0.01,71,17100.00,26.3,41.8
2023-12-24T06:00,1.1,0.00,0.07,0.01,71,20620.00,24.5,39.7
2023-12-24T07:00,1.1,0.00,0.07,0.01,71,24140.00,24.5,39.9
2023-12-24T08:00,1.1,0.17,0.09,0.01,71,16100.00,24.7,40.1
2023-12-24T09:00,1.1,0.17,0.09,0.01,71,8080.00,24.8,40.2
2023-12-24T10:00,1.2,0.17,0.09,0.01,71,40.00,25.7,41.5
2023-12-24T11:00,1.7,0.30,0.00,0.01,51,7040.00,28.5,45.1
2023-12-24T12:00,2.2,0.30,0.00,0.01,51,14040.00,32.4,50.4
2023-12-24T13:00,2.6,0.30,0.00,0.01,51,21040.00,35.7,55.2
2023-12-24T14:00,2.7,0.00,0.00,0.01,51,21160.00,37.5,57.9
2023-12-24T15:00,2.5,0.00,0.00,0.01,51,21280.00,38.2,59.3
2023-12-24T16:00,2.3,0.00,0.00,0.01,51,21400.00,38.2,59.2
2023-12-24T17:00,2.2,0.00,0.00,0.01,3,22320.00,36.4,56.5
2023-12-24T18:00,2.0,0.00,0.00,0.00,3,23220.00,33.7,52.7
2023-12-24T19:00,1.9,0.00,0.00,0.00,3,24140.00,31.8,49.8
2023-12-24T20:00,1.8,0.00,0.00,0.00,3,24140.00,31.1,49.2
2023-12-24T21:00,1.8,0.00,0.00,0.00,3,24140.00,31.0,49.4
2023-12-24T22:00,1.8,0.00,0.00,0.00,2,24140.00,30.6,49.0
2023-12-24T23:00,1.7,0.00,0.00,0.00,2,21440.00,29.2,46.9
2023-12-25T00:00,1.5,0.00,0.00,0.00,2,18760.00,27.2,43.9
2023-12-25T01:00,1.4,0.00,0.00,0.00,2,16060.00,25.3,40.7
2023-12-25T02:00,1.5,0.00,0.00,0.00,2,15380.00,23.3,37.6
2023-12-25T03:00,1.7,0.00,0.00,0.00,3,14700.00,21.1,34.3
2023-12-25T04:00,1.7,0.00,0.00,0.00,3,14020.00,19.9,32.3
2023-12-25T05:00,1.4,0.00,0.00,0.00,3,17400.00,19.1,31.4
2023-12-25T06:00,0.9,0.00,0.00,0.00,3,20760.00,19.4,31.6
2023-12-25T07:00,0.6,0.00,0.00,0.00,3,24140.00,19.3,31.6
2023-12-25T08:00,0.6,0.00,0.00,0.00,3,24140.00,19.2,31.2
2023-12-25T09:00,0.7,0.00,0.00,0.00,3,24140.00,19.2,30.9
2023-12-25T10:00,0.8,0.00,0.00,0.00,3,24140.00,20.2,32.1
2023-12-25T11:00,0.7,0.15,0.11,0.00,71,16100.00,22.0,34.9
2023-12-25T12:00,0.6,0.15,0.11,0.01,71,8060.00,23.4,38.2
2023-12-25T13:00,0.8,0.15,0.11,0.01,71,20.00,24.5,40.3
2023-12-25T14:00,1.5,1.50,0.00,0.01,55,2120.00,24.9,41.5
2023-12-25T15:00,2.5,1.50,0.00,0.01,55,4220.00,26.0,43.6
2023-12-25T16:00,3.3,1.50,0.00,0.01,55,6320.00,26.3,44.9
2023-12-25T17:00,4.0,0.19,0.01,0.01,51,6560.00,25.1,43.8
2023-12-25T18:00,4.5,0.19,0.01,0.01,51,6820.00,27.2,45.9
2023-12-25T19:00,4.7,0.19,0.01,0.01,51,7060.00,31.1,50.7
2023-12-25T20:00,4.3,0.30,0.00,0.01,51,12760.00,32.4,52.3
2023-12-25T21:00,3.7,0.30,0.00,0.01,51,18440.00,33.8,54.6
2023-12-25T22:00,3.1,0.30,0.00,0.01,51,24140.00,37.5,59.8
2023-12-25T23:00,2.6,0.00,0.00,0.01,3,22720.00,42.9,67.7
